DATE,VIX
01/31/1990,25.360000
02/28/1990,21.990000
03/30/1990,19.730000
04/30/1990,19.520000
05/31/1990,17.370000
06/29/1990,15.500000
07/31/1990,21.110000
08/31/1990,29.900000
09/28/1990,29.110000
10/31/1990,30.040000
11/30/1990,22.160000
12/31/1990,26.380000
01/31/1991,20.910000
02/28/1991,21.230000
03/28/1991,16.880000
04/30/1991,18.240000
05/31/1991,15.930000
06/28/1991,19.550000
07/31/1991,15.180000
08/30/1991,14.460000
09/30/1991,15.850000
10/31/1991,15.480000
11/29/1991,20.260000
12/31/1991,19.310000
01/31/1992,17.400000
02/28/1992,16.680000
03/31/1992,16.180000
04/30/1992,15.530000
05/29/1992,13.860000
06/30/1992,13.350000
07/31/1992,13.170000
08/31/1992,13.580000
09/30/1992,14.280000
10/30/1992,16.150000
11/30/1992,13.010000
12/31/1992,12.570000
01/29/1993,12.420000
02/26/1993,13.160000
03/31/1993,12.530000
04/30/1993,12.420000
05/28/1993,13.470000
06/30/1993,11.260000
07/30/1993,11.730000
08/31/1993,11.850000
09/30/1993,12.990000
10/29/1993,11.460000
11/30/1993,13.760000
12/31/1993,11.660000
01/31/1994,10.630000
02/28/1994,14.870000
03/31/1994,20.450000
04/29/1994,13.770000
05/31/1994,13.030000
06/30/1994,14.970000
07/29/1994,11.130000
08/31/1994,11.970000
09/30/1994,14.280000
10/31/1994,14.560000
11/30/1994,15.950000
12/30/1994,13.200000
01/31/1995,11.960000
02/28/1995,11.750000
03/31/1995,13.370000
04/28/1995,11.750000
05/31/1995,12.850000
06/30/1995,11.380000
07/31/1995,13.490000
08/31/1995,11.520000
09/29/1995,12.740000
10/31/1995,13.830000
11/30/1995,11.580000
12/29/1995,12.520000
01/31/1996,12.530000
02/29/1996,17.040000
03/29/1996,18.880000
04/30/1996,15.830000
05/31/1996,16.070000
06/28/1996,13.680000
07/31/1996,19.460000
08/30/1996,17.010000
09/30/1996,16.950000
10/31/1996,18.110000
11/29/1996,17.140000
12/31/1996,20.920000
01/30/1997,19.470000
02/28/1997,21.100000
03/31/1997,22.140000
04/30/1997,20.060000
05/30/1997,19.190000
06/30/1997,21.530000
07/31/1997,21.480000
08/29/1997,24.760000
09/30/1997,22.910000
10/31/1997,35.090000
11/28/1997,27.430000
12/31/1997,24.010000
01/30/1998,21.470000
02/27/1998,18.550000
03/31/1998,24.220000
04/30/1998,21.180000
05/29/1998,21.320000
06/30/1998,19.710000
07/31/1998,24.800000
08/31/1998,44.280000
09/30/1998,40.950000
10/30/1998,28.050000
11/30/1998,26.010000
12/31/1998,24.420000
01/29/1999,26.250000
02/26/1999,27.880000
03/31/1999,23.260000
04/30/1999,25.070000
05/28/1999,25.390000
06/30/1999,21.090000
07/30/1999,24.640000
08/31/1999,24.450000
09/30/1999,25.410000
10/29/1999,22.200000
11/30/1999,24.180000
12/30/1999,24.760000
01/31/2000,24.950000
02/29/2000,23.370000
03/31/2000,24.110000
04/28/2000,26.200000
05/31/2000,23.650000
06/30/2000,19.540000
07/31/2000,20.740000
08/31/2000,16.840000
09/29/2000,20.570000
10/31/2000,23.630000
11/30/2000,29.650000
12/29/2000,26.850000
01/31/2001,22.020000
02/28/2001,28.350000
03/30/2001,28.640000
04/30/2001,25.480000
05/31/2001,22.640000
06/29/2001,19.060000
07/31/2001,21.620000
08/31/2001,24.920000
09/28/2001,31.930000
10/31/2001,33.560000
11/30/2001,23.840000
12/31/2001,23.800000
01/31/2002,21.090000
02/28/2002,21.590000
03/28/2002,17.400000
04/30/2002,21.910000
05/31/2002,19.980000
06/28/2002,25.400000
07/31/2002,32.030000
08/30/2002,32.640000
09/30/2002,39.690000
10/31/2002,31.140000
11/29/2002,27.500000
12/31/2002,28.620000
01/31/2003,31.170000
02/28/2003,29.630000
03/31/2003,29.150000
04/30/2003,21.210000
05/30/2003,19.470000
06/30/2003,19.520000
07/31/2003,19.490000
08/29/2003,18.630000
09/30/2003,22.720000
10/31/2003,16.100000
11/28/2003,16.320000
12/31/2003,18.310000
01/30/2004,16.630000
02/27/2004,14.550000
03/31/2004,16.740000
04/30/2004,17.190000
05/28/2004,15.500000
06/30/2004,14.340000
07/30/2004,15.320000
08/31/2004,15.290000
09/30/2004,13.340000
10/29/2004,16.270000
11/30/2004,13.240000
12/31/2004,13.290000
01/31/2005,12.820000
02/28/2005,12.080000
03/31/2005,14.020000
04/29/2005,15.310000
05/31/2005,13.290000
06/30/2005,12.040000
07/29/2005,11.570000
08/31/2005,12.600000
09/30/2005,11.920000
10/31/2005,15.320000
11/30/2005,12.060000
12/30/2005,12.070000
01/31/2006,12.950000
02/28/2006,12.340000
03/31/2006,11.390000
04/28/2006,11.590000
05/31/2006,16.440000
06/30/2006,13.080000
07/31/2006,14.950000
08/31/2006,12.310000
09/29/2006,11.980000
10/31/2006,11.100000
11/30/2006,10.910000
12/29/2006,11.560000
01/31/2007,10.420000
02/28/2007,15.420000
03/30/2007,14.640000
04/30/2007,14.220000
05/31/2007,13.050000
06/29/2007,16.230000
07/31/2007,23.520000
08/31/2007,23.380000
09/28/2007,18.000000
10/31/2007,18.530000
11/30/2007,22.870000
12/31/2007,22.500000
01/31/2008,26.200000
02/29/2008,26.540000
03/31/2008,25.610000
04/30/2008,20.790000
05/30/2008,17.830000
06/30/2008,23.950000
07/31/2008,22.940000
08/29/2008,20.650000
09/30/2008,39.390000
10/31/2008,59.890000
11/28/2008,55.840000
12/31/2008,40.000000
01/30/2009,44.840000
02/27/2009,46.350000
03/31/2009,44.140000
04/30/2009,36.500000
05/29/2009,28.920000
06/30/2009,26.350000
07/31/2009,25.920000
08/31/2009,26.010000
09/30/2009,25.610000
10/30/2009,30.690000
11/30/2009,24.510000
12/31/2009,21.680000
01/29/2010,24.620000
02/26/2010,19.500000
03/31/2010,17.590000
04/30/2010,22.050000
05/28/2010,32.070000
06/30/2010,34.540000
07/30/2010,23.500000
08/31/2010,26.050000
09/30/2010,23.700000
10/29/2010,21.200000
11/30/2010,23.540000
12/31/2010,17.750000
01/31/2011,19.530000
02/28/2011,18.350000
03/31/2011,17.740000
04/29/2011,14.750000
05/31/2011,15.450000
06/30/2011,16.520000
07/29/2011,25.250000
08/31/2011,31.620000
09/30/2011,42.960000
10/31/2011,29.960000
11/30/2011,27.800000
12/30/2011,23.400000
01/31/2012,19.440000
02/29/2012,18.430000
03/30/2012,15.500000
04/30/2012,17.150000
05/31/2012,24.060000
06/29/2012,17.080000
07/31/2012,18.930000
08/31/2012,17.470000
09/28/2012,15.730000
10/31/2012,18.600000
11/30/2012,15.870000
12/31/2012,18.020000
01/31/2013,14.280000
02/28/2013,15.510000
03/28/2013,12.700000
04/30/2013,13.520000
05/31/2013,16.300000
06/28/2013,16.860000
07/31/2013,13.450000
08/30/2013,17.010000
09/30/2013,16.600000
10/31/2013,13.750000
11/29/2013,13.700000
12/31/2013,13.720000
01/31/2014,18.410000
02/28/2014,14.000000
03/31/2014,13.880000
04/30/2014,13.410000
05/30/2014,11.400000
06/30/2014,11.570000
07/31/2014,16.950000
08/29/2014,11.980000
09/30/2014,16.310000
10/31/2014,14.030000
11/28/2014,13.330000
12/31/2014,19.200000
01/30/2015,20.970000
02/27/2015,13.340000
03/31/2015,15.290000
04/30/2015,14.550000
05/29/2015,13.840000
06/30/2015,18.230000
07/31/2015,12.120000
08/31/2015,28.430000
09/30/2015,24.500000
10/30/2015,15.070000
11/30/2015,16.130000
12/31/2015,18.210000
01/29/2016,20.200000
02/29/2016,20.550000
03/31/2016,13.950000
04/29/2016,15.700000
05/31/2016,14.190000
06/30/2016,15.630000
07/29/2016,11.870000
08/31/2016,13.420000
09/30/2016,13.290000
10/31/2016,17.060000
11/30/2016,13.330000
12/30/2016,14.040000
01/31/2017,11.990000
02/28/2017,12.920000
03/31/2017,12.370000
04/28/2017,10.820000
05/31/2017,10.410000
06/30/2017,11.180000
07/31/2017,10.260000
08/31/2017,10.590000
09/29/2017,9.510000
10/31/2017,10.180000
11/30/2017,11.280000
12/29/2017,11.040000
01/31/2018,13.540000
02/28/2018,19.850000
03/29/2018,19.970000
04/30/2018,15.930000
05/31/2018,15.430000
06/29/2018,16.090000
07/31/2018,12.830000
08/31/2018,12.860000
09/28/2018,12.120000
10/31/2018,21.230000
11/30/2018,18.070000
12/31/2018,25.420000
01/31/2019,16.570000
02/28/2019,14.780000
03/29/2019,13.710000
04/30/2019,13.120000
05/31/2019,18.710000
06/28/2019,15.080000
07/31/2019,16.120000
08/30/2019,18.980000
09/30/2019,16.240000
10/31/2019,13.220000
11/29/2019,12.620000
12/31/2019,13.780000
01/31/2020,18.840000
02/28/2020,40.110000
03/31/2020,53.540000
04/30/2020,34.150000
05/29/2020,27.510000
06/30/2020,30.430000
07/31/2020,24.460000
08/31/2020,26.410000
09/30/2020,26.370000
10/30/2020,38.020000
11/30/2020,20.570000
12/31/2020,22.750000
01/29/2021,33.090000
02/26/2021,27.950000
03/31/2021,19.400000
04/30/2021,18.610000
05/28/2021,16.760000
06/30/2021,15.830000
07/30/2021,18.240000
08/31/2021,16.480000
09/30/2021,23.140000
10/29/2021,16.260000
11/30/2021,27.190000
12/31/2021,17.220000
01/31/2022,24.830000
02/28/2022,30.150000
03/31/2022,20.560000
04/29/2022,33.400000
05/31/2022,26.190000
06/30/2022,28.710000
07/29/2022,21.330000
08/31/2022,25.870000
09/30/2022,31.620000
10/31/2022,25.880000
11/30/2022,20.580000
12/30/2022,21.670000
01/31/2023,19.400000
02/28/2023,20.700000
03/31/2023,18.700000
04/28/2023,15.780000
05/31/2023,17.940000
06/30/2023,13.590000
07/31/2023,13.630000
08/31/2023,13.570000
09/29/2023,17.520000
10/31/2023,18.140000
11/30/2023,12.920000
12/29/2023,12.450000
01/31/2024,14.350000
02/29/2024,13.400000
03/28/2024,13.010000
04/30/2024,15.650000
05/31/2024,12.920000
06/28/2024,12.440000
07/31/2024,16.360000
08/30/2024,15.000000
09/30/2024,16.730000
10/31/2024,23.160000
11/29/2024,13.510000
12/31/2024,17.350000
01/31/2025,16.430000
02/28/2025,19.630000
03/31/2025,22.280000
04/30/2025,24.700000
05/30/2025,18.570000
06/30/2025,16.730000
07/31/2025,16.720000
08/29/2025,15.360000
09/30/2025,16.280000
10/31/2025,17.440000
11/28/2025,16.350000
12/31/2025,14.950000
